{
  "students": [
    {
      "name": "Md. Aminur Islam",
      "id": "1805001",
      "session": "2018-19",
      "address": "Oloya Vobani,Tangail Sodor",
      "imageUrl": "https://scontent.fdac31-1.fna.fbcdn.net/v/t1.6435-9/160664519_2903217699909817_1734970198937983151_n.jpg?_nc_cat=110&ccb=1-5&_nc_sid=174925&_nc_ohc=CnUmiNkiyp0AX-V68GV&_nc_ht=scontent.fdac31-1.fna&oh=00_AT_dMrOWglY7tQSOAsDMqj-FzgfQ3Jh1JxCzcp4RNrOk_A&oe=62556351",
      "registration": "000011350"
    },
    {
      "name": "MD Meherub Hasan Riaz",
      "id": "1805002",
      "session": "2018-19",
      "address": "Rangpur",
      "imageUrl": "https://scontent.fdac99-1.fna.fbcdn.net/v/t1.6435-9/120354874_2830751393819815_8187794898352939705_n.jpg?_nc_cat=109&ccb=1-5&_nc_sid=09cbfe&_nc_ohc=kpUtkX6_JFEAX9mW93U&_nc_ht=scontent.fdac99-1.fna&oh=00_AT8KWStv9k21h6rxdHuA2fERBC4rHq2Uxl39I0orGdXX9g&oe=6253834F",
      "registration": "000011351"
    },
    {
      "name": "MD. Habibur Rahman",
      "id": "1805003",
      "session": "2018-19",
      "address": "Kunjamohipur,Sadullapur,Gaibandha",
      "imageUrl": "https://scontent.fdac99-1.fna.fbcdn.net/v/t39.30808-6/275114943_3191187577824864_691041997481496229_n.jpg?_nc_cat=104&ccb=1-5&_nc_sid=09cbfe&_nc_ohc=VI-xZ5GNE3kAX8_Kmav&_nc_ht=scontent.fdac99-1.fna&oh=00_AT9yTNT8jietmnoZT80oFELENyC6bgu7L4OX5vsz6rqmkw&oe=62314E19",
      "registration": "000011352"
    },
    {
      "name": "Md Milon Miah",
      "id": "1805004",
      "session": "2018-19",
      "address": "Mulatol,Kotoyali,Rangpur",
      "imageUrl": "https://scontent.fdac99-1.fna.fbcdn.net/v/t39.30808-6/269621085_598210111260202_606415903717024844_n.jpg?_nc_cat=103&ccb=1-5&_nc_sid=09cbfe&_nc_ohc=HykC6SxRabwAX-R5LXe&_nc_ht=scontent.fdac99-1.fna&oh=00_AT8KLGbKxwpt62PGpKxpr97PXN58s-ZLaOaG5PKSNcUxow&oe=6231FF3A",
      "registration": "000011353"
    },
    {
      "name": "Md Tauhidul Islam Suhan",
      "id": "1805005",
      "session": "2018-19",
      "address": "KakinakuthiRoad,DCMhore,Rangpur",
      "imageUrl": "https://scontent.fdac99-1.fna.fbcdn.net/v/t39.30808-6/274633928_1335348953605070_5371834710875634273_n.jpg?_nc_cat=101&ccb=1-5&_nc_sid=09cbfe&_nc_ohc=bRZE_evLv90AX_gM4Fm&_nc_ht=scontent.fdac99-1.fna&oh=00_AT-K0gDoX413r0z7dFlnO_Kzg3ix3dU1qtqFRiGVA-wESA&oe=6233112D",
      "registration": "000011354"
    },
    {
      "name": "Rabindra Nath Barman",
      "id": "1805006",
      "session": "2018-19",
      "address": "PurboBejGram,Hatibandha,Lalamonirhat",
      "imageUrl": "https://scontent.fdac99-1.fna.fbcdn.net/v/t39.30808-6/270069176_3032349910416763_1210744675966746975_n.jpg?_nc_cat=109&ccb=1-5&_nc_sid=09cbfe&_nc_ohc=s8uQCvJm3PkAX9kHOto&_nc_ht=scontent.fdac99-1.fna&oh=00_AT_G-bA9v_4uHbYF_P_3TSem_7juG7pwFUyq_qQv-PMEqQ&oe=6232F8F4",
      "registration": "000011355"
    },
    {
      "name": "Sabrin Jahan",
      "id": "1805007",
      "session": "2018-19",
      "address": "Kakrapaly,Hakimpur,Dinajpur",
      "imageUrl": "https://scontent.fdac99-1.fna.fbcdn.net/v/t39.30808-6/273262751_467332565054767_3914168498936965955_n.jpg?_nc_cat=103&ccb=1-5&_nc_sid=174925&_nc_ohc=Gc94WLDkfw0AX9fih4d&tn=p4Ajmz0nFW0dU56P&_nc_ht=scontent.fdac99-1.fna&oh=00_AT_gHsrJ-Vb23SWpnnqNh2E5HhUAEn8RuKbQHZYO2s8hTA&oe=6231A95F",
      "registration": "000011356"
    },
    {
      "name": "Md.Monjirul Islam",
      "id": "1805008",
      "session": "2018-19",
      "address": "Prankrishnapur,Nawabganj,Dinajpur",
      "imageUrl": "https://scontent.fdac99-1.fna.fbcdn.net/v/t1.6435-9/151617226_480972633060407_7573821596845011256_n.jpg?stp=c52.0.206.206a_dst-jpg_p206x206&_nc_cat=107&ccb=1-5&_nc_sid=da31f3&_nc_ohc=DNXrtT7PNF8AX-CWIeb&_nc_ht=scontent.fdac99-1.fna&oh=00_AT8_A1Dz9w0ZEHCXhAGRfM5zkb2EP94AFY4uwn_2-DM0uQ&oe=625348A2",
      "registration": "000011357"
    },
    {
      "name": "Md.Shahidul Islam",
      "id": "1805009",
      "session": "2018-19",
      "address": "Aviram Shukanchaki,Rangpur",
      "imageUrl": "https://scontent.fdac99-1.fna.fbcdn.net/v/t39.30808-6/242402144_1642429826148029_256746745726073935_n.jpg?_nc_cat=110&ccb=1-5&_nc_sid=09cbfe&_nc_ohc=3FGSXVrQngAAX_cN9cy&_nc_ht=scontent.fdac99-1.fna&oh=00_AT8PSayXCgQJefo0H8_pu3UqK6WmNCNXgFpopQvc13XlbQ&oe=6232C98B",
      "registration": "000011358"
    },
    {
      "name": "Md. Nahid Hasan Barat",
      "id": "1805010",
      "session": "2018-19",
      "address": "Bhangni,Mithapukur,Rangpur",
      "imageUrl": "https://scontent.fdac99-1.fna.fbcdn.net/v/t39.30808-6/270191922_2988697724716678_162131952721300488_n.jpg?_nc_cat=105&ccb=1-5&_nc_sid=8bfeb9&_nc_ohc=233QySpT74YAX_lLl7g&_nc_ht=scontent.fdac99-1.fna&oh=00_AT-WS0ucD2UtIRUADFxR5r-D_zcxwzFFJmYcXByB16K-gQ&oe=623168A5",
      "registration": "000011359"
    },
    {
      "name": "Md. Rakibul Hasan",
      "id": "1805011",
      "session": "2018-19",
      "address": "Islampur,Mithapukur,Rangpur",
      "imageUrl": "https://scontent.fdac99-1.fna.fbcdn.net/v/t1.6435-9/118308809_2642444042751667_6122305274036807316_n.jpg?_nc_cat=106&ccb=1-5&_nc_sid=09cbfe&_nc_ohc=oX6c8c5FRbEAX8BuqcZ&_nc_ht=scontent.fdac99-1.fna&oh=00_AT-qeyRfRSpY5SGbksniLgWm5mew8fzzWnZcXkBHI5TthQ&oe=62549C05",
      "registration": "000011360"
    },
    {
      "name": "Md. Zahidul Islam",
      "id": "1805012",
      "session": "2018-19",
      "address": "Tokravasha,Debigonj,Panchagarh",
      "imageUrl": "https://scontent.fdac99-1.fna.fbcdn.net/v/t39.30808-6/270114492_1579209379108059_6597183154677413247_n.jpg?_nc_cat=102&ccb=1-5&_nc_sid=09cbfe&_nc_ohc=u3p62OtwhDoAX_8mQE7&tn=p4Ajmz0nFW0dU56P&_nc_ht=scontent.fdac99-1.fna&oh=00_AT8WVVadTUMV7hdyeJQFDz2qQKa0FrLOrr1zOTdOo3NtfQ&oe=623199A8",
      "registration": "000011361"
    },
    {
      "name": "Nur Islam",
      "id": "1805013",
      "session": "2018-19",
      "address": "Sarangai Polashbari,Birol,Dinajpur.",
      "imageUrl": "https://scontent.fdac99-1.fna.fbcdn.net/v/t39.30808-6/236079710_961407418015081_5833782638423959661_n.jpg?_nc_cat=105&ccb=1-5&_nc_sid=8bfeb9&_nc_ohc=d80sg9-M6iIAX_25GT-&_nc_ht=scontent.fdac99-1.fna&oh=00_AT_u23x6lMWUtzyGq-yrvUcEOrzRP_7rT_AsDD4RZGTfaA&oe=62322A0B",
      "registration": "000011362"
    },
    {
      "name": "Nabilah Farjana",
      "id": "1805014",
      "session": "2018-19",
      "address": "Chandamari,Rajarhat,Kurigram",
      "imageUrl": "https://scontent.fdac99-1.fna.fbcdn.net/v/t1.6435-9/128597108_393328148391119_3798897335984390448_n.jpg?_nc_cat=103&ccb=1-5&_nc_sid=8bfeb9&_nc_ohc=eoYPeAJEZ4AAX-a1lde&_nc_ht=scontent.fdac99-1.fna&oh=00_AT9LCM_dhvQU392exB0r9He9ROv70XGLilW2_i2N2tQcEQ&oe=62526040",
      "registration": "000011363"
    },
    {
      "name": "Tanzil Ahmed",
      "id": "1805015",
      "session": "2018-19",
      "address": "South-kanda,Trishal,Mymensingh",
      "imageUrl": "https://scontent.fdac99-1.fna.fbcdn.net/v/t39.30808-6/271862856_1128668497537440_2425517052809881100_n.jpg?_nc_cat=104&ccb=1-5&_nc_sid=8bfeb9&_nc_ohc=-DxLv5ctODYAX8CsnZI&_nc_ht=scontent.fdac99-1.fna&oh=00_AT9S939TAXKekN1C6gmZ4CVwE1MxiudCDGO4UYB_QJL4sg&oe=623308FB",
      "registration": "000011364"
    },
    {
      "name": "Fahim Al Islam",
      "id": "1805016",
      "session": "2018-19",
      "address": "Auchpara,nishat nagar,tongi,Gazipur",
      "imageUrl": "https://scontent.fdac99-1.fna.fbcdn.net/v/t1.6435-9/65008146_308906896730842_5345274258014601216_n.jpg?_nc_cat=105&ccb=1-5&_nc_sid=174925&_nc_ohc=cyS2pxaxXKAAX-T0_eN&_nc_ht=scontent.fdac99-1.fna&oh=00_AT_jozyZ-TQIHvU04gFO5qe9Lq68yA49fNb7SdtAFfenug&oe=6251BC12",
      "registration": "000011365"
    },
    {
      "name": "Shihab Ahmed",
      "id": "1805017",
      "session": "2018-19",
      "address": "Shatnol,Matlab(North),Chandpur",
      "imageUrl": "https://z-p3-scontent.fdac12-1.fna.fbcdn.net/v/t39.30808-6/274894357_1387438045048043_6939742180404391614_n.jpg?_nc_cat=105&ccb=1-5&_nc_sid=09cbfe&_nc_ohc=w-JA4FOjGSEAX8LtppG&_nc_ht=z-p3-scontent.fdac12-1.fna&oh=00_AT-bwKPsfpGbs20WMm98_vloa5uHoKjOHC5uFmc9qwFHUA&oe=62322D9F",
      "registration": "000011366"
    },
    {
      "name": "Effat Jahan",
      "id": "1805018",
      "session": "2018-19",
      "address": "Gunaigach,Jummahat,Ulipur,Kurigram",
      "imageUrl": "https://scontent.fdac99-1.fna.fbcdn.net/v/t1.6435-9/155543380_845783855972374_7261695585983785821_n.jpg?_nc_cat=105&ccb=1-5&_nc_sid=730e14&_nc_ohc=X_1SANgOLZEAX-Sjcg9&_nc_ht=scontent.fdac99-1.fna&oh=00_AT8k-ahqDPhWcgOjSiBGWAybrvx152Y7_Oco1ELTtIx7qQ&oe=6254385D",
      "registration": "000011367"
    },
    {
      "name": "Abdulla Al Mamun",
      "id": "1805019",
      "session": "2018-19",
      "address": "Bhotmari,Kaliganj,Lalmonihaat,Rangpur",
      "imageUrl": "https://scontent.fdac99-1.fna.fbcdn.net/v/t39.30808-6/272898038_1665545180458323_885294960110262173_n.jpg?_nc_cat=103&ccb=1-5&_nc_sid=09cbfe&_nc_ohc=BCsd-fSe1_oAX_nPhER&_nc_ht=scontent.fdac99-1.fna&oh=00_AT9RU5YJrxd2k_D8JLVgmyKU4BuXb0MOF6v9syW2uR0y7A&oe=62329D47",
      "registration": "000011368"
    },
    {
      "name": "Afiah Farzanah",
      "id": "1805020",
      "session": "2018-19",
      "address": "Jagannathpur,Thakurgaon Sadar,Thakurgaon",
      "imageUrl": "https://scontent.fdac99-1.fna.fbcdn.net/v/t1.6435-9/80050661_1008958359460022_2576158088931311616_n.jpg?_nc_cat=102&ccb=1-5&_nc_sid=8bfeb9&_nc_ohc=REB6X8AMjtUAX8mnCLz&_nc_ht=scontent.fdac99-1.fna&oh=00_AT9e7ZPja0nPRNwdsyxDQ32M-WPF9FV1A772dNgv84tVcQ&oe=62515667",
      "registration": "000011369"
    },
    {
      "name": "Kajal Kumar Roy",
      "id": "1805021",
      "session": "2018-19",
      "address": "Harishwar Taluk,Rajarhat ,Kurigram",
      "imageUrl": "https://scontent.fdac99-1.fna.fbcdn.net/v/t39.30808-6/245852804_3084665335193048_4107897070364485986_n.jpg?_nc_cat=103&ccb=1-5&_nc_sid=8bfeb9&_nc_ohc=5tzZUsqGtMkAX_8m7Co&_nc_ht=scontent.fdac99-1.fna&oh=00_AT-joY2C94V6NSZLFhnjwiJybNG9RoA8D-Zk2WL4XVluPw&oe=6231F40C",
      "registration": "000011370"
    },
    {
      "name": "Md. Shefaul Karim",
      "id": "1805022",
      "session": "2018-19",
      "address": "kartikHazirBazar,Rangpur sadar,Rangpur",
      "imageUrl": "https://scontent.fdac99-1.fna.fbcdn.net/v/t39.30808-6/262838415_585010762606257_8552608563488597322_n.jpg?_nc_cat=111&ccb=1-5&_nc_sid=e3f864&_nc_ohc=uTkPH8VwwDMAX9xj6Ph&_nc_ht=scontent.fdac99-1.fna&oh=00_AT_qBX3iGjMQUmENM-zl5vojOlF8NrQlVNbqJangTTVZyA&oe=62332AA7",
      "registration": "000011371"
    },
    {
      "name": "Rafiur Rahman Shoishab",
      "id": "1805023",
      "session": "2018-19",
      "address": "Kamal Kachna,Rangpur Sadar,Rangpur",
      "imageUrl": "https://scontent.fdac99-1.fna.fbcdn.net/v/t39.30808-6/231927378_2967749433443566_2031896148801568666_n.jpg?_nc_cat=111&ccb=1-5&_nc_sid=0debeb&_nc_ohc=03f4c10ttn4AX8lJXx0&_nc_ht=scontent.fdac99-1.fna&oh=00_AT-p9FB21Ss0ho_w8R6N6hK7aiXCCMd5psEv7fvzxAeJ6Q&oe=62322884",
      "registration": "000011372"
    },
    {
      "name": "Md. Ezazul Hakim",
      "id": "1805026",
      "session": "2018-19",
      "address": "Shahapur,Pirganj,Rangpur",
      "imageUrl": "https://scontent.fdac99-1.fna.fbcdn.net/v/t39.30808-6/269919536_3004159209795994_356935110315147105_n.jpg?_nc_cat=107&ccb=1-5&_nc_sid=09cbfe&_nc_ohc=8G7iLQdo0t8AX-WHgQ6&_nc_ht=scontent.fdac99-1.fna&oh=00_AT8-wHXaQ_r4UXjIegjtkkJsmWGwLjLE8M0F07fkqIL9gw&oe=6231E31F",
      "registration": "000011375"
    },
    {
      "name": "Abu Nayim Faisal",
      "id": "1805027",
      "session": "2018-19",
      "address": "Mostafi hat,Lalmonirhat",
      "imageUrl": "https://scontent.fdac99-1.fna.fbcdn.net/v/t39.30808-6/275274078_1375756282846560_8280720170818379891_n.jpg?_nc_cat=104&ccb=1-5&_nc_sid=174925&_nc_ohc=7FDUBFCawf0AX9sUCDO&_nc_ht=scontent.fdac99-1.fna&oh=00_AT8sQ0LR03sk9Pje4qu3hgPMK6l2aXO0_LTr2Y32NbXWOg&oe=6231F5DE",
      "registration": "000011376"
    },
    {
      "name": "Alif Mia",
      "id": "1805028",
      "session": "2018-19",
      "address": "PurboChaparhati,Sundorgonj,Gaibandha",
      "imageUrl": "https://scontent.fdac99-1.fna.fbcdn.net/v/t39.30808-6/270045442_1342080339596573_6739596712884704023_n.jpg?_nc_cat=100&ccb=1-5&_nc_sid=09cbfe&_nc_ohc=wavFfBYmknUAX9IOOmd&_nc_ht=scontent.fdac99-1.fna&oh=00_AT-4_3dpjz2Tk-GBEAPYDkJ4aMlqecDrBeEC91NlUaBmnA&oe=62331F7B",
      "registration": "000011377"
    },
    {
      "name": "Md.Rahmat Ali",
      "id": "1805029",
      "session": "2018-19",
      "address": "Barkatpur,Palashbari,Gaibandha",
      "imageUrl": "https://scontent.fdac99-1.fna.fbcdn.net/v/t1.6435-9/188348537_914370365805980_7440249961930740897_n.jpg?_nc_cat=102&ccb=1-5&_nc_sid=8bfeb9&_nc_ohc=7alh1lHoJrAAX_evvic&_nc_ht=scontent.fdac99-1.fna&oh=00_AT_6e4sHyMHINEamd7aKIuBCDIsQ2E649QaNzKmxnGzLPQ&oe=6251A391",
      "registration": "000011378"
    },
    {
      "name": "Mst. Atika Yasmin",
      "id": "1805030",
      "session": "2018-19",
      "address": "Nabinagar,Patgram,Lalmonirhat",
      "imageUrl": "https://scontent.fdac99-1.fna.fbcdn.net/v/t39.30808-6/275074849_689379362417122_1112292986658152972_n.jpg?_nc_cat=107&ccb=1-5&_nc_sid=09cbfe&_nc_ohc=5m4aCJxqT6wAX_sQLAO&_nc_ht=scontent.fdac99-1.fna&oh=00_AT8Q2ycE8kWZKw5lTP-PYyvsmmNbLEqUVVZ1FIu8bmo31g&oe=6232AC8B",
      "registration": "000011379"
    },
    {
      "name": "Khandaker Mushfiq Zaman",
      "id": "1805031",
      "session": "2018-19",
      "address": "Itahata,Gazipur Sadar,Gazipur",
      "imageUrl": "https://scontent.fdac99-1.fna.fbcdn.net/v/t1.18169-9/1391761_1477080249245220_2750431151461925994_n.jpg?_nc_cat=102&ccb=1-5&_nc_sid=174925&_nc_ohc=aUxlCgrJ24cAX-Hw07o&_nc_ht=scontent.fdac99-1.fna&oh=00_AT8FlO6M53OhenMt5l1hIoXM1SEaNGaUStFxiyEL3ou5zA&oe=62513292",
      "registration": "000011380"
    },
    {
      "name": "Abdulla Al Maruf",
      "id": "1805032",
      "session": "2018-19",
      "address": "Sajapur,Khansama,Dinajpur",
      "imageUrl": "https://scontent.fdac99-1.fna.fbcdn.net/v/t39.30808-6/273616106_1050972782117675_482222264383432850_n.jpg?_nc_cat=102&ccb=1-5&_nc_sid=8bfeb9&_nc_ohc=G_b8vFd-tEMAX8MT8Or&_nc_ht=scontent.fdac99-1.fna&oh=00_AT-QYt5wTh9NIvN4B8Hv2AWcWlSOVMWzi7bCEYxSIVoPWw&oe=6233093A",
      "registration": "000011381"
    },
    {
      "name": "Shamim Ahammad Rasel",
      "id": "1805033",
      "session": "2018-19",
      "address": "Shilmun,Tongi,Gazipur",
      "imageUrl": "https://scontent.fdac99-1.fna.fbcdn.net/v/t39.30808-6/274710106_481123503675251_5784299677768357998_n.jpg?_nc_cat=107&ccb=1-5&_nc_sid=09cbfe&_nc_ohc=ZJIEboL6YOQAX8psKyM&_nc_ht=scontent.fdac99-1.fna&oh=00_AT8GDDSM-qqG45aMusUdn8oNEQI7QmJfTF5fegW_PH_uJA&oe=6231934A",
      "registration": "000011382"
    },
    {
      "name": "Imran Islam",
      "id": "1805036",
      "session": "2018-19",
      "address": "Dariapur,Birganj,Dinajpur",
      "imageUrl": "https://scontent.fdac99-1.fna.fbcdn.net/v/t1.6435-9/89196149_1548427821973813_6041930584924618752_n.jpg?_nc_cat=109&ccb=1-5&_nc_sid=19026a&_nc_ohc=SJA_o7v4NmYAX9TaRA2&_nc_ht=scontent.fdac99-1.fna&oh=00_AT8-1TJPt5aqN1KlLnzv2boleg5KSzXg1feG8VsHZVGf4Q&oe=6252E2D8",
      "registration": "000011385"
    },
    {
      "name": "Wahid Ahmed Shanto",
      "id": "1805037",
      "session": "2018-19",
      "address": "Shimabari,Sherpur,Bogura",
      "imageUrl": "https://z-p3-scontent.fdac12-1.fna.fbcdn.net/v/t39.30808-1/191062799_2910632562585326_178959918736953066_n.jpg?stp=dst-jpg_s200x200&_nc_cat=105&ccb=1-5&_nc_sid=7206a8&_nc_ohc=S9mNrwN3ivAAX-TITdy&_nc_ht=z-p3-scontent.fdac12-1.fna&oh=00_AT801sxNnXbJfZdSuA6K5M74eBonYvsFA1mC_PGmwoMZng&oe=6233ACE6",
      "registration": "000011386"
    },
    {
      "name": "Shahidul Ahad Sakib",
      "id": "1805038",
      "session": "2018-19",
      "address": "PurboBabukha,RangpurSadar,Rangpur",
      "imageUrl": "https://scontent.fdac99-1.fna.fbcdn.net/v/t39.30808-6/275123033_639440957204931_622825250217731889_n.jpg?_nc_cat=111&ccb=1-5&_nc_sid=09cbfe&_nc_ohc=eH6nC7DPLesAX98m_lp&tn=p4Ajmz0nFW0dU56P&_nc_ht=scontent.fdac99-1.fna&oh=00_AT-vjH4-bKfWyMol-EmK28uyx2_bkhw8gexQ3rlN6VeKrA&oe=623366C0",
      "registration": "000011387"
    },
    {
      "name": "Md Shohanur Islam",
      "id": "1805039",
      "session": "2018-19",
      "address": "BottoliBazar,Khetlal,Joypurhat",
      "imageUrl": "https://scontent.fdac99-1.fna.fbcdn.net/v/t39.30808-6/271045578_3095379564080439_5523330504929229342_n.jpg?_nc_cat=102&ccb=1-5&_nc_sid=09cbfe&_nc_ohc=XTTDuTKKpq8AX-eQRUe&_nc_ht=scontent.fdac99-1.fna&oh=00_AT_1aWWLtXarWECNLqcvi_UH8xwGUQfPdRfNBAK73k8f9g&oe=6232077D",
      "registration": "000011388"
    },
    {
      "name": "Muhammad Abdullah Al Asif",
      "id": "1805041",
      "session": "2018-19",
      "address": "COBazar,RangpurSadar,Rangpur",
      "imageUrl": "https://scontent.fdac99-1.fna.fbcdn.net/v/t1.6435-9/82631438_576526809864513_5854668009364258816_n.jpg?_nc_cat=101&ccb=1-5&_nc_sid=0debeb&_nc_ohc=5WpgBKgURWQAX-gaS9Y&_nc_ht=scontent.fdac99-1.fna&oh=00_AT89x82clG4Z3L_lSkNZkp9PlD8cCC0efIYCHTtIzZyQGA&oe=6254BB2A",
      "registration": "000011390"
    },
    {
      "name": "Md. Sohel Rana ",
      "id": "1805042",
      "session": "2018-19",
      "address": "ModhupurMasterpara,Ulipur,Kurigram",
      "imageUrl": "https://scontent.fdac99-1.fna.fbcdn.net/v/t39.30808-6/275634676_1152939492107542_3658025983235013576_n.jpg?_nc_cat=101&ccb=1-5&_nc_sid=09cbfe&_nc_ohc=gUtN0Da5npwAX9zogK9&_nc_ht=scontent.fdac99-1.fna&oh=00_AT-Ji-_bLPx822O9V8MaKweoflpkwSv0h3ZF5uxh5oOVfA&oe=6232C712",
      "registration": "000011391"
    },
    {
      "name": "Montu Mohanto",
      "id": "1805043",
      "session": "2018-19",
      "address": "lalchandpur,RangpurSadar,Rangpur",
      "imageUrl": "https://scontent.fdac99-1.fna.fbcdn.net/v/t1.6435-9/93528213_2284010835234911_5815235755705892864_n.jpg?_nc_cat=103&ccb=1-5&_nc_sid=09cbfe&_nc_ohc=JpjmEyNwtnsAX8tBIrC&_nc_ht=scontent.fdac99-1.fna&oh=00_AT-r-uyeq5cE6FGNYP6CAwLU1jBWOtrItP0t3dKrp3Tudw&oe=625324DC",
      "registration": "000011392"
    },
    {
      "name": "Faria Sabrin Jui",
      "id": "1805044",
      "session": "2018-19",
      "address": "Vogibala para,Rangpur Sadar",
      "imageUrl": "https://scontent.fdac99-1.fna.fbcdn.net/v/t39.30808-6/274764772_681670646299558_4714718752150169461_n.jpg?_nc_cat=103&ccb=1-5&_nc_sid=09cbfe&_nc_ohc=VcEx362Sko0AX8AhTgz&_nc_ht=scontent.fdac99-1.fna&oh=00_AT_hT78z56DsQ_0VgqFbX6QgIwYqag6DDqhaTDYkK7tadA&oe=62322A4A",
      "registration": "000011393"
    },
    {
      "name": "Emtiaz Ahmed",
      "id": "1805045",
      "session": "2018-19",
      "address": "Rangpur ,Mithapukur,Tilokpara",
      "imageUrl": "https://scontent.fdac99-1.fna.fbcdn.net/v/t1.6435-9/165211686_764805134156403_7089225191313982446_n.jpg?_nc_cat=108&ccb=1-5&_nc_sid=09cbfe&_nc_ohc=Qylf0fRMbXAAX9aNitC&_nc_ht=scontent.fdac99-1.fna&oh=00_AT_cx4w-OZ64j6Hnyc4_YpWNhkQk_cVKAasINJWvHMXpjA&oe=62534D55",
      "registration": "000011394"
    },
    {
      "name": "Piarujjaman Polash",
      "id": "1805046",
      "session": "2018-19",
      "address": "Chaipara, Bagmara Rajshahi",
      "imageUrl": "https://scontent.fdac99-1.fna.fbcdn.net/v/t39.30808-6/270234749_1244760876018674_8020607858613686290_n.jpg?_nc_cat=104&ccb=1-5&_nc_sid=09cbfe&_nc_ohc=FHZckx8Q2ZAAX8t26rF&_nc_ht=scontent.fdac99-1.fna&oh=00_AT_x2ZyzmnyIdYmkXImyzqEJ5Zs4qUFv15IPhrwYbdFMQg&oe=6231797D",
      "registration": "000011395"
    },
    {
      "name": "Raisa jannat Anonna",
      "id": "1705015",
      "session": "2018-19",
      "address": "faridpur,mithapukur,Rangpur",
      "imageUrl": "https://scontent.fdac99-1.fna.fbcdn.net/v/t1.6435-9/64251038_891233614548165_1200438145141702656_n.jpg?_nc_cat=105&ccb=1-5&_nc_sid=8bfeb9&_nc_ohc=v1kse0nTxb4AX-cNGUM&_nc_ht=scontent.fdac99-1.fna&oh=00_AT-jK5Lty7icmngDnek9t_336n8cRarYXuikGFpt59y3aw&oe=62538DFE",
      "registration": "000009982"
    },
    {
      "name": "Sarmin Akter",
      "id": "1705017",
      "session": "2018-19",
      "address": "Chikli Vata, Rangpur",
      "imageUrl": "https://scontent.fdac99-1.fna.fbcdn.net/v/t39.30808-6/271872867_1538061559905473_2324576634387544081_n.jpg?_nc_cat=109&ccb=1-5&_nc_sid=09cbfe&_nc_ohc=2QiW_Te4dDIAX9m_lsu&_nc_oc=AQlCR1QvOPx3eWzB5CNuoIggvcrdeCyZSe4J_GBtBKCrNASUucXXvIulHCPDy2Lyv7k&_nc_ht=scontent.fdac99-1.fna&oh=00_AT_6_f4Rs7edhybc4_6lXDV43r6HEFlKohJMwz6tD3TEpg&oe=62324A8B",
      "registration": "000009984"
    },
    {
      "name": "Tonmoy Kumar Roy",
      "id": "1705025",
      "session": "2018-19",
      "address": "Alsia,Ranisankail,Thakurgaon",
      "imageUrl": "https://scontent.fdac99-1.fna.fbcdn.net/v/t1.6435-9/102421727_718264828994840_4683344443527525494_n.jpg?_nc_cat=106&ccb=1-5&_nc_sid=174925&_nc_ohc=DTv7GkNMxfQAX_fnREB&_nc_ht=scontent.fdac99-1.fna&oh=00_AT90BfcfOl7b6II3SrDJydgLb7CbHHtn04qsGCv8Mi14fQ&oe=6253BFAF",
      "registration": "000009992"
    },
    {
      "name": "Md.Samiul islam",
      "id": "1705043",
      "session": "2018-19",
      "address": "Ashutospur,Pabna sadar,Pabna",
      "imageUrl": "https://scontent.fdac99-1.fna.fbcdn.net/v/t39.30808-6/252302095_3104944779829078_6461161534245806658_n.jpg?_nc_cat=105&ccb=1-5&_nc_sid=09cbfe&_nc_ohc=4Udau7M5VgwAX9-iKtN&_nc_ht=scontent.fdac99-1.fna&oh=00_AT8OcZ6aBGKSfb3Ksp58esdM3Rzb5-ALU4B4X45FKVqgsQ&oe=62328CFB",
      "registration": "0000010010"
    }
  ]
}